Admit,Gender,Dept
1,Male,A
1,Male,A
1,Male,A
1,Male,A
1,Male,A
1,Male,A
1,Male,A
1,Male,A
1,Male,A
1,Male,A
1,Male,A
1,Male,A
1,Male,A
1,Male,A
1,Male,A
1,Male,A
1,Male,A
1,Male,A
1,Male,A
1,Male,A
1,Male,A
1,Male,A
1,Male,A
1,Male,A
1,Male,A
1,Male,A
1,Male,A
1,Male,A
1,Male,A
1,Male,A
1,Male,A
1,Male,A
1,Male,A
1,Male,A
1,Male,A
1,Male,A
1,Male,A
1,Male,A
1,Male,A
1,Male,A
1,Male,A
1,Male,A
1,Male,A
1,Male,A
1,Male,A
1,Male,A
1,Male,A
1,Male,A
1,Male,A
1,Male,A
1,Male,A
1,Male,A
1,Male,A
1,Male,A
1,Male,A
1,Male,A
1,Male,A
1,Male,A
1,Male,A
1,Male,A
1,Male,A
1,Male,A
1,Male,A
1,Male,A
1,Male,A
1,Male,A
1,Male,A
1,Male,A
1,Male,A
1,Male,A
1,Male,A
1,Male,A
1,Male,A
1,Male,A
1,Male,A
1,Male,A
1,Male,A
1,Male,A
1,Male,A
1,Male,A
1,Male,A
1,Male,A
1,Male,A
1,Male,A
1,Male,A
1,Male,A
1,Male,A
1,Male,A
1,Male,A
1,Male,A
1,Male,A
1,Male,A
1,Male,A
1,Male,A
1,Male,A
1,Male,A
1,Male,A
1,Male,A
1,Male,A
1,Male,A
1,Male,A
1,Male,A
1,Male,A
1,Male,A
1,Male,A
1,Male,A
1,Male,A
1,Male,A
1,Male,A
1,Male,A
1,Male,A
1,Male,A
1,Male,A
1,Male,A
1,Male,A
1,Male,A
1,Male,A
1,Male,A
1,Male,A
1,Male,A
1,Male,A
1,Male,A
1,Male,A
1,Male,A
1,Male,A
1,Male,A
1,Male,A
1,Male,A
1,Male,A
1,Male,A
1,Male,A
1,Male,A
1,Male,A
1,Male,A
1,Male,A
1,Male,A
1,Male,A
1,Male,A
1,Male,A
1,Male,A
1,Male,A
1,Male,A
1,Male,A
1,Male,A
1,Male,A
1,Male,A
1,Male,A
1,Male,A
1,Male,A
1,Male,A
1,Male,A
1,Male,A
1,Male,A
1,Male,A
1,Male,A
1,Male,A
1,Male,A
1,Male,A
1,Male,A
1,Male,A
1,Male,A
1,Male,A
1,Male,A
1,Male,A
1,Male,A
1,Male,A
1,Male,A
1,Male,A
1,Male,A
1,Male,A
1,Male,A
1,Male,A
1,Male,A
1,Male,A
1,Male,A
1,Male,A
1,Male,A
1,Male,A
1,Male,A
1,Male,A
1,Male,A
1,Male,A
1,Male,A
1,Male,A
1,Male,A
1,Male,A
1,Male,A
1,Male,A
1,Male,A
1,Male,A
1,Male,A
1,Male,A
1,Male,A
1,Male,A
1,Male,A
1,Male,A
1,Male,A
1,Male,A
1,Male,A
1,Male,A
1,Male,A
1,Male,A
1,Male,A
1,Male,A
1,Male,A
1,Male,A
1,Male,A
1,Male,A
1,Male,A
1,Male,A
1,Male,A
1,Male,A
1,Male,A
1,Male,A
1,Male,A
1,Male,A
1,Male,A
1,Male,A
1,Male,A
1,Male,A
1,Male,A
1,Male,A
1,Male,A
1,Male,A
1,Male,A
1,Male,A
1,Male,A
1,Male,A
1,Male,A
1,Male,A
1,Male,A
1,Male,A
1,Male,A
1,Male,A
1,Male,A
1,Male,A
1,Male,A
1,Male,A
1,Male,A
1,Male,A
1,Male,A
1,Male,A
1,Male,A
1,Male,A
1,Male,A
1,Male,A
1,Male,A
1,Male,A
1,Male,A
1,Male,A
1,Male,A
1,Male,A
1,Male,A
1,Male,A
1,Male,A
1,Male,A
1,Male,A
1,Male,A
1,Male,A
1,Male,A
1,Male,A
1,Male,A
1,Male,A
1,Male,A
1,Male,A
1,Male,A
1,Male,A
1,Male,A
1,Male,A
1,Male,A
1,Male,A
1,Male,A
1,Male,A
1,Male,A
1,Male,A
1,Male,A
1,Male,A
1,Male,A
1,Male,A
1,Male,A
1,Male,A
1,Male,A
1,Male,A
1,Male,A
1,Male,A
1,Male,A
1,Male,A
1,Male,A
1,Male,A
1,Male,A
1,Male,A
1,Male,A
1,Male,A
1,Male,A
1,Male,A
1,Male,A
1,Male,A
1,Male,A
1,Male,A
1,Male,A
1,Male,A
1,Male,A
1,Male,A
1,Male,A
1,Male,A
1,Male,A
1,Male,A
1,Male,A
1,Male,A
1,Male,A
1,Male,A
1,Male,A
1,Male,A
1,Male,A
1,Male,A
1,Male,A
1,Male,A
1,Male,A
1,Male,A
1,Male,A
1,Male,A
1,Male,A
1,Male,A
1,Male,A
1,Male,A
1,Male,A
1,Male,A
1,Male,A
1,Male,A
1,Male,A
1,Male,A
1,Male,A
1,Male,A
1,Male,A
1,Male,A
1,Male,A
1,Male,A
1,Male,A
1,Male,A
1,Male,A
1,Male,A
1,Male,A
1,Male,A
1,Male,A
1,Male,A
1,Male,A
1,Male,A
1,Male,A
1,Male,A
1,Male,A
1,Male,A
1,Male,A
1,Male,A
1,Male,A
1,Male,A
1,Male,A
1,Male,A
1,Male,A
1,Male,A
1,Male,A
1,Male,A
1,Male,A
1,Male,A
1,Male,A
1,Male,A
1,Male,A
1,Male,A
1,Male,A
1,Male,A
1,Male,A
1,Male,A
1,Male,A
1,Male,A
1,Male,A
1,Male,A
1,Male,A
1,Male,A
1,Male,A
1,Male,A
1,Male,A
1,Male,A
1,Male,A
1,Male,A
1,Male,A
1,Male,A
1,Male,A
1,Male,A
1,Male,A
1,Male,A
1,Male,A
1,Male,A
1,Male,A
1,Male,A
1,Male,A
1,Male,A
1,Male,A
1,Male,A
1,Male,A
1,Male,A
1,Male,A
1,Male,A
1,Male,A
1,Male,A
1,Male,A
1,Male,A
1,Male,A
1,Male,A
1,Male,A
1,Male,A
1,Male,A
1,Male,A
1,Male,A
1,Male,A
1,Male,A
1,Male,A
1,Male,A
1,Male,A
1,Male,A
1,Male,A
1,Male,A
1,Male,A
1,Male,A
1,Male,A
1,Male,A
1,Male,A
1,Male,A
1,Male,A
1,Male,A
1,Male,A
1,Male,A
1,Male,A
1,Male,A
1,Male,A
1,Male,A
1,Male,A
1,Male,A
1,Male,A
1,Male,A
1,Male,A
1,Male,A
1,Male,A
1,Male,A
1,Male,A
1,Male,A
1,Male,A
1,Male,A
1,Male,A
1,Male,A
1,Male,A
1,Male,A
1,Male,A
1,Male,A
1,Male,A
1,Male,A
1,Male,A
1,Male,A
1,Male,A
1,Male,A
1,Male,A
1,Male,A
1,Male,A
1,Male,A
1,Male,A
1,Male,A
1,Male,A
1,Male,A
1,Male,A
1,Male,A
1,Male,A
1,Male,A
1,Male,A
1,Male,A
1,Male,A
1,Male,A
1,Male,A
1,Male,A
1,Male,A
1,Male,A
1,Male,A
1,Male,A
1,Male,A
1,Male,A
1,Male,A
1,Male,A
1,Male,A
1,Male,A
1,Male,A
1,Male,A
1,Male,A
1,Male,A
1,Male,A
1,Male,A
1,Male,A
1,Male,A
1,Male,A
1,Male,A
1,Male,A
1,Male,A
1,Male,A
1,Male,A
1,Male,A
1,Male,A
1,Male,A
1,Male,A
1,Male,A
1,Male,A
1,Male,A
1,Male,A
1,Male,A
1,Male,A
1,Male,A
1,Male,A
0,Male,A
0,Male,A
0,Male,A
0,Male,A
0,Male,A
0,Male,A
0,Male,A
0,Male,A
0,Male,A
0,Male,A
0,Male,A
0,Male,A
0,Male,A
0,Male,A
0,Male,A
0,Male,A
0,Male,A
0,Male,A
0,Male,A
0,Male,A
0,Male,A
0,Male,A
0,Male,A
0,Male,A
0,Male,A
0,Male,A
0,Male,A
0,Male,A
0,Male,A
0,Male,A
0,Male,A
0,Male,A
0,Male,A
0,Male,A
0,Male,A
0,Male,A
0,Male,A
0,Male,A
0,Male,A
0,Male,A
0,Male,A
0,Male,A
0,Male,A
0,Male,A
0,Male,A
0,Male,A
0,Male,A
0,Male,A
0,Male,A
0,Male,A
0,Male,A
0,Male,A
0,Male,A
0,Male,A
0,Male,A
0,Male,A
0,Male,A
0,Male,A
0,Male,A
0,Male,A
0,Male,A
0,Male,A
0,Male,A
0,Male,A
0,Male,A
0,Male,A
0,Male,A
0,Male,A
0,Male,A
0,Male,A
0,Male,A
0,Male,A
0,Male,A
0,Male,A
0,Male,A
0,Male,A
0,Male,A
0,Male,A
0,Male,A
0,Male,A
0,Male,A
0,Male,A
0,Male,A
0,Male,A
0,Male,A
0,Male,A
0,Male,A
0,Male,A
0,Male,A
0,Male,A
0,Male,A
0,Male,A
0,Male,A
0,Male,A
0,Male,A
0,Male,A
0,Male,A
0,Male,A
0,Male,A
0,Male,A
0,Male,A
0,Male,A
0,Male,A
0,Male,A
0,Male,A
0,Male,A
0,Male,A
0,Male,A
0,Male,A
0,Male,A
0,Male,A
0,Male,A
0,Male,A
0,Male,A
0,Male,A
0,Male,A
0,Male,A
0,Male,A
0,Male,A
0,Male,A
0,Male,A
0,Male,A
0,Male,A
0,Male,A
0,Male,A
0,Male,A
0,Male,A
0,Male,A
0,Male,A
0,Male,A
0,Male,A
0,Male,A
0,Male,A
0,Male,A
0,Male,A
0,Male,A
0,Male,A
0,Male,A
0,Male,A
0,Male,A
0,Male,A
0,Male,A
0,Male,A
0,Male,A
0,Male,A
0,Male,A
0,Male,A
0,Male,A
0,Male,A
0,Male,A
0,Male,A
0,Male,A
0,Male,A
0,Male,A
0,Male,A
0,Male,A
0,Male,A
0,Male,A
0,Male,A
0,Male,A
0,Male,A
0,Male,A
0,Male,A
0,Male,A
0,Male,A
0,Male,A
0,Male,A
0,Male,A
0,Male,A
0,Male,A
0,Male,A
0,Male,A
0,Male,A
0,Male,A
0,Male,A
0,Male,A
0,Male,A
0,Male,A
0,Male,A
0,Male,A
0,Male,A
0,Male,A
0,Male,A
0,Male,A
0,Male,A
0,Male,A
0,Male,A
0,Male,A
0,Male,A
0,Male,A
0,Male,A
0,Male,A
0,Male,A
0,Male,A
0,Male,A
0,Male,A
0,Male,A
0,Male,A
0,Male,A
0,Male,A
0,Male,A
0,Male,A
0,Male,A
0,Male,A
0,Male,A
0,Male,A
0,Male,A
0,Male,A
0,Male,A
0,Male,A
0,Male,A
0,Male,A
0,Male,A
0,Male,A
0,Male,A
0,Male,A
0,Male,A
0,Male,A
0,Male,A
0,Male,A
0,Male,A
0,Male,A
0,Male,A
0,Male,A
0,Male,A
0,Male,A
0,Male,A
0,Male,A
0,Male,A
0,Male,A
0,Male,A
0,Male,A
0,Male,A
0,Male,A
0,Male,A
0,Male,A
0,Male,A
0,Male,A
0,Male,A
0,Male,A
0,Male,A
0,Male,A
0,Male,A
0,Male,A
0,Male,A
0,Male,A
0,Male,A
0,Male,A
0,Male,A
0,Male,A
0,Male,A
0,Male,A
0,Male,A
0,Male,A
0,Male,A
0,Male,A
0,Male,A
0,Male,A
0,Male,A
0,Male,A
0,Male,A
0,Male,A
0,Male,A
0,Male,A
0,Male,A
0,Male,A
0,Male,A
0,Male,A
0,Male,A
0,Male,A
0,Male,A
0,Male,A
0,Male,A
0,Male,A
0,Male,A
0,Male,A
0,Male,A
0,Male,A
0,Male,A
0,Male,A
0,Male,A
0,Male,A
0,Male,A
0,Male,A
0,Male,A
0,Male,A
0,Male,A
0,Male,A
0,Male,A
0,Male,A
0,Male,A
0,Male,A
0,Male,A
0,Male,A
0,Male,A
0,Male,A
0,Male,A
0,Male,A
0,Male,A
0,Male,A
0,Male,A
0,Male,A
0,Male,A
0,Male,A
0,Male,A
0,Male,A
0,Male,A
0,Male,A
0,Male,A
0,Male,A
0,Male,A
0,Male,A
0,Male,A
1,Female,A
1,Female,A
1,Female,A
1,Female,A
1,Female,A
1,Female,A
1,Female,A
1,Female,A
1,Female,A
1,Female,A
1,Female,A
1,Female,A
1,Female,A
1,Female,A
1,Female,A
1,Female,A
1,Female,A
1,Female,A
1,Female,A
1,Female,A
1,Female,A
1,Female,A
1,Female,A
1,Female,A
1,Female,A
1,Female,A
1,Female,A
1,Female,A
1,Female,A
1,Female,A
1,Female,A
1,Female,A
1,Female,A
1,Female,A
1,Female,A
1,Female,A
1,Female,A
1,Female,A
1,Female,A
1,Female,A
1,Female,A
1,Female,A
1,Female,A
1,Female,A
1,Female,A
1,Female,A
1,Female,A
1,Female,A
1,Female,A
1,Female,A
1,Female,A
1,Female,A
1,Female,A
1,Female,A
1,Female,A
1,Female,A
1,Female,A
1,Female,A
1,Female,A
1,Female,A
1,Female,A
1,Female,A
1,Female,A
1,Female,A
1,Female,A
1,Female,A
1,Female,A
1,Female,A
1,Female,A
1,Female,A
1,Female,A
1,Female,A
1,Female,A
1,Female,A
1,Female,A
1,Female,A
1,Female,A
1,Female,A
1,Female,A
1,Female,A
1,Female,A
1,Female,A
1,Female,A
1,Female,A
1,Female,A
1,Female,A
1,Female,A
1,Female,A
1,Female,A
0,Female,A
0,Female,A
0,Female,A
0,Female,A
0,Female,A
0,Female,A
0,Female,A
0,Female,A
0,Female,A
0,Female,A
0,Female,A
0,Female,A
0,Female,A
0,Female,A
0,Female,A
0,Female,A
0,Female,A
0,Female,A
0,Female,A
1,Male,B
1,Male,B
1,Male,B
1,Male,B
1,Male,B
1,Male,B
1,Male,B
1,Male,B
1,Male,B
1,Male,B
1,Male,B
1,Male,B
1,Male,B
1,Male,B
1,Male,B
1,Male,B
1,Male,B
1,Male,B
1,Male,B
1,Male,B
1,Male,B
1,Male,B
1,Male,B
1,Male,B
1,Male,B
1,Male,B
1,Male,B
1,Male,B
1,Male,B
1,Male,B
1,Male,B
1,Male,B
1,Male,B
1,Male,B
1,Male,B
1,Male,B
1,Male,B
1,Male,B
1,Male,B
1,Male,B
1,Male,B
1,Male,B
1,Male,B
1,Male,B
1,Male,B
1,Male,B
1,Male,B
1,Male,B
1,Male,B
1,Male,B
1,Male,B
1,Male,B
1,Male,B
1,Male,B
1,Male,B
1,Male,B
1,Male,B
1,Male,B
1,Male,B
1,Male,B
1,Male,B
1,Male,B
1,Male,B
1,Male,B
1,Male,B
1,Male,B
1,Male,B
1,Male,B
1,Male,B
1,Male,B
1,Male,B
1,Male,B
1,Male,B
1,Male,B
1,Male,B
1,Male,B
1,Male,B
1,Male,B
1,Male,B
1,Male,B
1,Male,B
1,Male,B
1,Male,B
1,Male,B
1,Male,B
1,Male,B
1,Male,B
1,Male,B
1,Male,B
1,Male,B
1,Male,B
1,Male,B
1,Male,B
1,Male,B
1,Male,B
1,Male,B
1,Male,B
1,Male,B
1,Male,B
1,Male,B
1,Male,B
1,Male,B
1,Male,B
1,Male,B
1,Male,B
1,Male,B
1,Male,B
1,Male,B
1,Male,B
1,Male,B
1,Male,B
1,Male,B
1,Male,B
1,Male,B
1,Male,B
1,Male,B
1,Male,B
1,Male,B
1,Male,B
1,Male,B
1,Male,B
1,Male,B
1,Male,B
1,Male,B
1,Male,B
1,Male,B
1,Male,B
1,Male,B
1,Male,B
1,Male,B
1,Male,B
1,Male,B
1,Male,B
1,Male,B
1,Male,B
1,Male,B
1,Male,B
1,Male,B
1,Male,B
1,Male,B
1,Male,B
1,Male,B
1,Male,B
1,Male,B
1,Male,B
1,Male,B
1,Male,B
1,Male,B
1,Male,B
1,Male,B
1,Male,B
1,Male,B
1,Male,B
1,Male,B
1,Male,B
1,Male,B
1,Male,B
1,Male,B
1,Male,B
1,Male,B
1,Male,B
1,Male,B
1,Male,B
1,Male,B
1,Male,B
1,Male,B
1,Male,B
1,Male,B
1,Male,B
1,Male,B
1,Male,B
1,Male,B
1,Male,B
1,Male,B
1,Male,B
1,Male,B
1,Male,B
1,Male,B
1,Male,B
1,Male,B
1,Male,B
1,Male,B
1,Male,B
1,Male,B
1,Male,B
1,Male,B
1,Male,B
1,Male,B
1,Male,B
1,Male,B
1,Male,B
1,Male,B
1,Male,B
1,Male,B
1,Male,B
1,Male,B
1,Male,B
1,Male,B
1,Male,B
1,Male,B
1,Male,B
1,Male,B
1,Male,B
1,Male,B
1,Male,B
1,Male,B
1,Male,B
1,Male,B
1,Male,B
1,Male,B
1,Male,B
1,Male,B
1,Male,B
1,Male,B
1,Male,B
1,Male,B
1,Male,B
1,Male,B
1,Male,B
1,Male,B
1,Male,B
1,Male,B
1,Male,B
1,Male,B
1,Male,B
1,Male,B
1,Male,B
1,Male,B
1,Male,B
1,Male,B
1,Male,B
1,Male,B
1,Male,B
1,Male,B
1,Male,B
1,Male,B
1,Male,B
1,Male,B
1,Male,B
1,Male,B
1,Male,B
1,Male,B
1,Male,B
1,Male,B
1,Male,B
1,Male,B
1,Male,B
1,Male,B
1,Male,B
1,Male,B
1,Male,B
1,Male,B
1,Male,B
1,Male,B
1,Male,B
1,Male,B
1,Male,B
1,Male,B
1,Male,B
1,Male,B
1,Male,B
1,Male,B
1,Male,B
1,Male,B
1,Male,B
1,Male,B
1,Male,B
1,Male,B
1,Male,B
1,Male,B
1,Male,B
1,Male,B
1,Male,B
1,Male,B
1,Male,B
1,Male,B
1,Male,B
1,Male,B
1,Male,B
1,Male,B
1,Male,B
1,Male,B
1,Male,B
1,Male,B
1,Male,B
1,Male,B
1,Male,B
1,Male,B
1,Male,B
1,Male,B
1,Male,B
1,Male,B
1,Male,B
1,Male,B
1,Male,B
1,Male,B
1,Male,B
1,Male,B
1,Male,B
1,Male,B
1,Male,B
1,Male,B
1,Male,B
1,Male,B
1,Male,B
1,Male,B
1,Male,B
1,Male,B
1,Male,B
1,Male,B
1,Male,B
1,Male,B
1,Male,B
1,Male,B
1,Male,B
1,Male,B
1,Male,B
1,Male,B
1,Male,B
1,Male,B
1,Male,B
1,Male,B
1,Male,B
1,Male,B
1,Male,B
1,Male,B
1,Male,B
1,Male,B
1,Male,B
1,Male,B
1,Male,B
1,Male,B
1,Male,B
1,Male,B
1,Male,B
1,Male,B
1,Male,B
1,Male,B
1,Male,B
1,Male,B
1,Male,B
1,Male,B
1,Male,B
1,Male,B
1,Male,B
1,Male,B
1,Male,B
1,Male,B
1,Male,B
1,Male,B
1,Male,B
1,Male,B
1,Male,B
0,Male,B
0,Male,B
0,Male,B
0,Male,B
0,Male,B
0,Male,B
0,Male,B
0,Male,B
0,Male,B
0,Male,B
0,Male,B
0,Male,B
0,Male,B
0,Male,B
0,Male,B
0,Male,B
0,Male,B
0,Male,B
0,Male,B
0,Male,B
0,Male,B
0,Male,B
0,Male,B
0,Male,B
0,Male,B
0,Male,B
0,Male,B
0,Male,B
0,Male,B
0,Male,B
0,Male,B
0,Male,B
0,Male,B
0,Male,B
0,Male,B
0,Male,B
0,Male,B
0,Male,B
0,Male,B
0,Male,B
0,Male,B
0,Male,B
0,Male,B
0,Male,B
0,Male,B
0,Male,B
0,Male,B
0,Male,B
0,Male,B
0,Male,B
0,Male,B
0,Male,B
0,Male,B
0,Male,B
0,Male,B
0,Male,B
0,Male,B
0,Male,B
0,Male,B
0,Male,B
0,Male,B
0,Male,B
0,Male,B
0,Male,B
0,Male,B
0,Male,B
0,Male,B
0,Male,B
0,Male,B
0,Male,B
0,Male,B
0,Male,B
0,Male,B
0,Male,B
0,Male,B
0,Male,B
0,Male,B
0,Male,B
0,Male,B
0,Male,B
0,Male,B
0,Male,B
0,Male,B
0,Male,B
0,Male,B
0,Male,B
0,Male,B
0,Male,B
0,Male,B
0,Male,B
0,Male,B
0,Male,B
0,Male,B
0,Male,B
0,Male,B
0,Male,B
0,Male,B
0,Male,B
0,Male,B
0,Male,B
0,Male,B
0,Male,B
0,Male,B
0,Male,B
0,Male,B
0,Male,B
0,Male,B
0,Male,B
0,Male,B
0,Male,B
0,Male,B
0,Male,B
0,Male,B
0,Male,B
0,Male,B
0,Male,B
0,Male,B
0,Male,B
0,Male,B
0,Male,B
0,Male,B
0,Male,B
0,Male,B
0,Male,B
0,Male,B
0,Male,B
0,Male,B
0,Male,B
0,Male,B
0,Male,B
0,Male,B
0,Male,B
0,Male,B
0,Male,B
0,Male,B
0,Male,B
0,Male,B
0,Male,B
0,Male,B
0,Male,B
0,Male,B
0,Male,B
0,Male,B
0,Male,B
0,Male,B
0,Male,B
0,Male,B
0,Male,B
0,Male,B
0,Male,B
0,Male,B
0,Male,B
0,Male,B
0,Male,B
0,Male,B
0,Male,B
0,Male,B
0,Male,B
0,Male,B
0,Male,B
0,Male,B
0,Male,B
0,Male,B
0,Male,B
0,Male,B
0,Male,B
0,Male,B
0,Male,B
0,Male,B
0,Male,B
0,Male,B
0,Male,B
0,Male,B
0,Male,B
0,Male,B
0,Male,B
0,Male,B
0,Male,B
0,Male,B
0,Male,B
0,Male,B
0,Male,B
0,Male,B
0,Male,B
0,Male,B
0,Male,B
0,Male,B
0,Male,B
0,Male,B
0,Male,B
0,Male,B
0,Male,B
0,Male,B
0,Male,B
0,Male,B
0,Male,B
0,Male,B
0,Male,B
0,Male,B
0,Male,B
0,Male,B
0,Male,B
0,Male,B
0,Male,B
0,Male,B
0,Male,B
0,Male,B
1,Female,B
1,Female,B
1,Female,B
1,Female,B
1,Female,B
1,Female,B
1,Female,B
1,Female,B
1,Female,B
1,Female,B
1,Female,B
1,Female,B
1,Female,B
1,Female,B
1,Female,B
1,Female,B
1,Female,B
0,Female,B
0,Female,B
0,Female,B
0,Female,B
0,Female,B
0,Female,B
0,Female,B
0,Female,B
1,Male,C
1,Male,C
1,Male,C
1,Male,C
1,Male,C
1,Male,C
1,Male,C
1,Male,C
1,Male,C
1,Male,C
1,Male,C
1,Male,C
1,Male,C
1,Male,C
1,Male,C
1,Male,C
1,Male,C
1,Male,C
1,Male,C
1,Male,C
1,Male,C
1,Male,C
1,Male,C
1,Male,C
1,Male,C
1,Male,C
1,Male,C
1,Male,C
1,Male,C
1,Male,C
1,Male,C
1,Male,C
1,Male,C
1,Male,C
1,Male,C
1,Male,C
1,Male,C
1,Male,C
1,Male,C
1,Male,C
1,Male,C
1,Male,C
1,Male,C
1,Male,C
1,Male,C
1,Male,C
1,Male,C
1,Male,C
1,Male,C
1,Male,C
1,Male,C
1,Male,C
1,Male,C
1,Male,C
1,Male,C
1,Male,C
1,Male,C
1,Male,C
1,Male,C
1,Male,C
1,Male,C
1,Male,C
1,Male,C
1,Male,C
1,Male,C
1,Male,C
1,Male,C
1,Male,C
1,Male,C
1,Male,C
1,Male,C
1,Male,C
1,Male,C
1,Male,C
1,Male,C
1,Male,C
1,Male,C
1,Male,C
1,Male,C
1,Male,C
1,Male,C
1,Male,C
1,Male,C
1,Male,C
1,Male,C
1,Male,C
1,Male,C
1,Male,C
1,Male,C
1,Male,C
1,Male,C
1,Male,C
1,Male,C
1,Male,C
1,Male,C
1,Male,C
1,Male,C
1,Male,C
1,Male,C
1,Male,C
1,Male,C
1,Male,C
1,Male,C
1,Male,C
1,Male,C
1,Male,C
1,Male,C
1,Male,C
1,Male,C
1,Male,C
1,Male,C
1,Male,C
1,Male,C
1,Male,C
1,Male,C
1,Male,C
1,Male,C
1,Male,C
1,Male,C
1,Male,C
0,Male,C
0,Male,C
0,Male,C
0,Male,C
0,Male,C
0,Male,C
0,Male,C
0,Male,C
0,Male,C
0,Male,C
0,Male,C
0,Male,C
0,Male,C
0,Male,C
0,Male,C
0,Male,C
0,Male,C
0,Male,C
0,Male,C
0,Male,C
0,Male,C
0,Male,C
0,Male,C
0,Male,C
0,Male,C
0,Male,C
0,Male,C
0,Male,C
0,Male,C
0,Male,C
0,Male,C
0,Male,C
0,Male,C
0,Male,C
0,Male,C
0,Male,C
0,Male,C
0,Male,C
0,Male,C
0,Male,C
0,Male,C
0,Male,C
0,Male,C
0,Male,C
0,Male,C
0,Male,C
0,Male,C
0,Male,C
0,Male,C
0,Male,C
0,Male,C
0,Male,C
0,Male,C
0,Male,C
0,Male,C
0,Male,C
0,Male,C
0,Male,C
0,Male,C
0,Male,C
0,Male,C
0,Male,C
0,Male,C
0,Male,C
0,Male,C
0,Male,C
0,Male,C
0,Male,C
0,Male,C
0,Male,C
0,Male,C
0,Male,C
0,Male,C
0,Male,C
0,Male,C
0,Male,C
0,Male,C
0,Male,C
0,Male,C
0,Male,C
0,Male,C
0,Male,C
0,Male,C
0,Male,C
0,Male,C
0,Male,C
0,Male,C
0,Male,C
0,Male,C
0,Male,C
0,Male,C
0,Male,C
0,Male,C
0,Male,C
0,Male,C
0,Male,C
0,Male,C
0,Male,C
0,Male,C
0,Male,C
0,Male,C
0,Male,C
0,Male,C
0,Male,C
0,Male,C
0,Male,C
0,Male,C
0,Male,C
0,Male,C
0,Male,C
0,Male,C
0,Male,C
0,Male,C
0,Male,C
0,Male,C
0,Male,C
0,Male,C
0,Male,C
0,Male,C
0,Male,C
0,Male,C
0,Male,C
0,Male,C
0,Male,C
0,Male,C
0,Male,C
0,Male,C
0,Male,C
0,Male,C
0,Male,C
0,Male,C
0,Male,C
0,Male,C
0,Male,C
0,Male,C
0,Male,C
0,Male,C
0,Male,C
0,Male,C
0,Male,C
0,Male,C
0,Male,C
0,Male,C
0,Male,C
0,Male,C
0,Male,C
0,Male,C
0,Male,C
0,Male,C
0,Male,C
0,Male,C
0,Male,C
0,Male,C
0,Male,C
0,Male,C
0,Male,C
0,Male,C
0,Male,C
0,Male,C
0,Male,C
0,Male,C
0,Male,C
0,Male,C
0,Male,C
0,Male,C
0,Male,C
0,Male,C
0,Male,C
0,Male,C
0,Male,C
0,Male,C
0,Male,C
0,Male,C
0,Male,C
0,Male,C
0,Male,C
0,Male,C
0,Male,C
0,Male,C
0,Male,C
0,Male,C
0,Male,C
0,Male,C
0,Male,C
0,Male,C
0,Male,C
0,Male,C
0,Male,C
0,Male,C
0,Male,C
0,Male,C
0,Male,C
0,Male,C
0,Male,C
0,Male,C
0,Male,C
0,Male,C
0,Male,C
0,Male,C
0,Male,C
0,Male,C
0,Male,C
0,Male,C
0,Male,C
0,Male,C
1,Female,C
1,Female,C
1,Female,C
1,Female,C
1,Female,C
1,Female,C
1,Female,C
1,Female,C
1,Female,C
1,Female,C
1,Female,C
1,Female,C
1,Female,C
1,Female,C
1,Female,C
1,Female,C
1,Female,C
1,Female,C
1,Female,C
1,Female,C
1,Female,C
1,Female,C
1,Female,C
1,Female,C
1,Female,C
1,Female,C
1,Female,C
1,Female,C
1,Female,C
1,Female,C
1,Female,C
1,Female,C
1,Female,C
1,Female,C
1,Female,C
1,Female,C
1,Female,C
1,Female,C
1,Female,C
1,Female,C
1,Female,C
1,Female,C
1,Female,C
1,Female,C
1,Female,C
1,Female,C
1,Female,C
1,Female,C
1,Female,C
1,Female,C
1,Female,C
1,Female,C
1,Female,C
1,Female,C
1,Female,C
1,Female,C
1,Female,C
1,Female,C
1,Female,C
1,Female,C
1,Female,C
1,Female,C
1,Female,C
1,Female,C
1,Female,C
1,Female,C
1,Female,C
1,Female,C
1,Female,C
1,Female,C
1,Female,C
1,Female,C
1,Female,C
1,Female,C
1,Female,C
1,Female,C
1,Female,C
1,Female,C
1,Female,C
1,Female,C
1,Female,C
1,Female,C
1,Female,C
1,Female,C
1,Female,C
1,Female,C
1,Female,C
1,Female,C
1,Female,C
1,Female,C
1,Female,C
1,Female,C
1,Female,C
1,Female,C
1,Female,C
1,Female,C
1,Female,C
1,Female,C
1,Female,C
1,Female,C
1,Female,C
1,Female,C
1,Female,C
1,Female,C
1,Female,C
1,Female,C
1,Female,C
1,Female,C
1,Female,C
1,Female,C
1,Female,C
1,Female,C
1,Female,C
1,Female,C
1,Female,C
1,Female,C
1,Female,C
1,Female,C
1,Female,C
1,Female,C
1,Female,C
1,Female,C
1,Female,C
1,Female,C
1,Female,C
1,Female,C
1,Female,C
1,Female,C
1,Female,C
1,Female,C
1,Female,C
1,Female,C
1,Female,C
1,Female,C
1,Female,C
1,Female,C
1,Female,C
1,Female,C
1,Female,C
1,Female,C
1,Female,C
1,Female,C
1,Female,C
1,Female,C
1,Female,C
1,Female,C
1,Female,C
1,Female,C
1,Female,C
1,Female,C
1,Female,C
1,Female,C
1,Female,C
1,Female,C
1,Female,C
1,Female,C
1,Female,C
1,Female,C
1,Female,C
1,Female,C
1,Female,C
1,Female,C
1,Female,C
1,Female,C
1,Female,C
1,Female,C
1,Female,C
1,Female,C
1,Female,C
1,Female,C
1,Female,C
1,Female,C
1,Female,C
1,Female,C
1,Female,C
1,Female,C
1,Female,C
1,Female,C
1,Female,C
1,Female,C
1,Female,C
1,Female,C
1,Female,C
1,Female,C
1,Female,C
1,Female,C
1,Female,C
1,Female,C
1,Female,C
1,Female,C
1,Female,C
1,Female,C
1,Female,C
1,Female,C
1,Female,C
1,Female,C
1,Female,C
1,Female,C
1,Female,C
1,Female,C
1,Female,C
1,Female,C
0,Female,C
0,Female,C
0,Female,C
0,Female,C
0,Female,C
0,Female,C
0,Female,C
0,Female,C
0,Female,C
0,Female,C
0,Female,C
0,Female,C
0,Female,C
0,Female,C
0,Female,C
0,Female,C
0,Female,C
0,Female,C
0,Female,C
0,Female,C
0,Female,C
0,Female,C
0,Female,C
0,Female,C
0,Female,C
0,Female,C
0,Female,C
0,Female,C
0,Female,C
0,Female,C
0,Female,C
0,Female,C
0,Female,C
0,Female,C
0,Female,C
0,Female,C
0,Female,C
0,Female,C
0,Female,C
0,Female,C
0,Female,C
0,Female,C
0,Female,C
0,Female,C
0,Female,C
0,Female,C
0,Female,C
0,Female,C
0,Female,C
0,Female,C
0,Female,C
0,Female,C
0,Female,C
0,Female,C
0,Female,C
0,Female,C
0,Female,C
0,Female,C
0,Female,C
0,Female,C
0,Female,C
0,Female,C
0,Female,C
0,Female,C
0,Female,C
0,Female,C
0,Female,C
0,Female,C
0,Female,C
0,Female,C
0,Female,C
0,Female,C
0,Female,C
0,Female,C
0,Female,C
0,Female,C
0,Female,C
0,Female,C
0,Female,C
0,Female,C
0,Female,C
0,Female,C
0,Female,C
0,Female,C
0,Female,C
0,Female,C
0,Female,C
0,Female,C
0,Female,C
0,Female,C
0,Female,C
0,Female,C
0,Female,C
0,Female,C
0,Female,C
0,Female,C
0,Female,C
0,Female,C
0,Female,C
0,Female,C
0,Female,C
0,Female,C
0,Female,C
0,Female,C
0,Female,C
0,Female,C
0,Female,C
0,Female,C
0,Female,C
0,Female,C
0,Female,C
0,Female,C
0,Female,C
0,Female,C
0,Female,C
0,Female,C
0,Female,C
0,Female,C
0,Female,C
0,Female,C
0,Female,C
0,Female,C
0,Female,C
0,Female,C
0,Female,C
0,Female,C
0,Female,C
0,Female,C
0,Female,C
0,Female,C
0,Female,C
0,Female,C
0,Female,C
0,Female,C
0,Female,C
0,Female,C
0,Female,C
0,Female,C
0,Female,C
0,Female,C
0,Female,C
0,Female,C
0,Female,C
0,Female,C
0,Female,C
0,Female,C
0,Female,C
0,Female,C
0,Female,C
0,Female,C
0,Female,C
0,Female,C
0,Female,C
0,Female,C
0,Female,C
0,Female,C
0,Female,C
0,Female,C
0,Female,C
0,Female,C
0,Female,C
0,Female,C
0,Female,C
0,Female,C
0,Female,C
0,Female,C
0,Female,C
0,Female,C
0,Female,C
0,Female,C
0,Female,C
0,Female,C
0,Female,C
0,Female,C
0,Female,C
0,Female,C
0,Female,C
0,Female,C
0,Female,C
0,Female,C
0,Female,C
0,Female,C
0,Female,C
0,Female,C
0,Female,C
0,Female,C
0,Female,C
0,Female,C
0,Female,C
0,Female,C
0,Female,C
0,Female,C
0,Female,C
0,Female,C
0,Female,C
0,Female,C
0,Female,C
0,Female,C
0,Female,C
0,Female,C
0,Female,C
0,Female,C
0,Female,C
0,Female,C
0,Female,C
0,Female,C
0,Female,C
0,Female,C
0,Female,C
0,Female,C
0,Female,C
0,Female,C
0,Female,C
0,Female,C
0,Female,C
0,Female,C
0,Female,C
0,Female,C
0,Female,C
0,Female,C
0,Female,C
0,Female,C
0,Female,C
0,Female,C
0,Female,C
0,Female,C
0,Female,C
0,Female,C
0,Female,C
0,Female,C
0,Female,C
0,Female,C
0,Female,C
0,Female,C
0,Female,C
0,Female,C
0,Female,C
0,Female,C
0,Female,C
0,Female,C
0,Female,C
0,Female,C
0,Female,C
0,Female,C
0,Female,C
0,Female,C
0,Female,C
0,Female,C
0,Female,C
0,Female,C
0,Female,C
0,Female,C
0,Female,C
0,Female,C
0,Female,C
0,Female,C
0,Female,C
0,Female,C
0,Female,C
0,Female,C
0,Female,C
0,Female,C
0,Female,C
0,Female,C
0,Female,C
0,Female,C
0,Female,C
0,Female,C
0,Female,C
0,Female,C
0,Female,C
0,Female,C
0,Female,C
0,Female,C
0,Female,C
0,Female,C
0,Female,C
0,Female,C
0,Female,C
0,Female,C
0,Female,C
0,Female,C
0,Female,C
0,Female,C
0,Female,C
0,Female,C
0,Female,C
0,Female,C
0,Female,C
0,Female,C
0,Female,C
0,Female,C
0,Female,C
0,Female,C
0,Female,C
0,Female,C
0,Female,C
0,Female,C
0,Female,C
0,Female,C
0,Female,C
0,Female,C
0,Female,C
0,Female,C
0,Female,C
0,Female,C
0,Female,C
0,Female,C
0,Female,C
0,Female,C
0,Female,C
0,Female,C
0,Female,C
0,Female,C
0,Female,C
0,Female,C
0,Female,C
0,Female,C
0,Female,C
0,Female,C
0,Female,C
0,Female,C
0,Female,C
0,Female,C
0,Female,C
0,Female,C
0,Female,C
0,Female,C
0,Female,C
0,Female,C
0,Female,C
0,Female,C
0,Female,C
0,Female,C
0,Female,C
0,Female,C
0,Female,C
0,Female,C
0,Female,C
0,Female,C
0,Female,C
0,Female,C
0,Female,C
0,Female,C
0,Female,C
0,Female,C
0,Female,C
0,Female,C
0,Female,C
0,Female,C
0,Female,C
0,Female,C
0,Female,C
0,Female,C
0,Female,C
0,Female,C
0,Female,C
0,Female,C
0,Female,C
0,Female,C
0,Female,C
0,Female,C
0,Female,C
0,Female,C
0,Female,C
0,Female,C
0,Female,C
0,Female,C
0,Female,C
0,Female,C
0,Female,C
0,Female,C
0,Female,C
0,Female,C
0,Female,C
0,Female,C
0,Female,C
0,Female,C
0,Female,C
0,Female,C
0,Female,C
0,Female,C
0,Female,C
0,Female,C
0,Female,C
0,Female,C
0,Female,C
0,Female,C
0,Female,C
0,Female,C
0,Female,C
1,Male,D
1,Male,D
1,Male,D
1,Male,D
1,Male,D
1,Male,D
1,Male,D
1,Male,D
1,Male,D
1,Male,D
1,Male,D
1,Male,D
1,Male,D
1,Male,D
1,Male,D
1,Male,D
1,Male,D
1,Male,D
1,Male,D
1,Male,D
1,Male,D
1,Male,D
1,Male,D
1,Male,D
1,Male,D
1,Male,D
1,Male,D
1,Male,D
1,Male,D
1,Male,D
1,Male,D
1,Male,D
1,Male,D
1,Male,D
1,Male,D
1,Male,D
1,Male,D
1,Male,D
1,Male,D
1,Male,D
1,Male,D
1,Male,D
1,Male,D
1,Male,D
1,Male,D
1,Male,D
1,Male,D
1,Male,D
1,Male,D
1,Male,D
1,Male,D
1,Male,D
1,Male,D
1,Male,D
1,Male,D
1,Male,D
1,Male,D
1,Male,D
1,Male,D
1,Male,D
1,Male,D
1,Male,D
1,Male,D
1,Male,D
1,Male,D
1,Male,D
1,Male,D
1,Male,D
1,Male,D
1,Male,D
1,Male,D
1,Male,D
1,Male,D
1,Male,D
1,Male,D
1,Male,D
1,Male,D
1,Male,D
1,Male,D
1,Male,D
1,Male,D
1,Male,D
1,Male,D
1,Male,D
1,Male,D
1,Male,D
1,Male,D
1,Male,D
1,Male,D
1,Male,D
1,Male,D
1,Male,D
1,Male,D
1,Male,D
1,Male,D
1,Male,D
1,Male,D
1,Male,D
1,Male,D
1,Male,D
1,Male,D
1,Male,D
1,Male,D
1,Male,D
1,Male,D
1,Male,D
1,Male,D
1,Male,D
1,Male,D
1,Male,D
1,Male,D
1,Male,D
1,Male,D
1,Male,D
1,Male,D
1,Male,D
1,Male,D
1,Male,D
1,Male,D
1,Male,D
1,Male,D
1,Male,D
1,Male,D
1,Male,D
1,Male,D
1,Male,D
1,Male,D
1,Male,D
1,Male,D
1,Male,D
1,Male,D
1,Male,D
1,Male,D
1,Male,D
1,Male,D
1,Male,D
1,Male,D
1,Male,D
0,Male,D
0,Male,D
0,Male,D
0,Male,D
0,Male,D
0,Male,D
0,Male,D
0,Male,D
0,Male,D
0,Male,D
0,Male,D
0,Male,D
0,Male,D
0,Male,D
0,Male,D
0,Male,D
0,Male,D
0,Male,D
0,Male,D
0,Male,D
0,Male,D
0,Male,D
0,Male,D
0,Male,D
0,Male,D
0,Male,D
0,Male,D
0,Male,D
0,Male,D
0,Male,D
0,Male,D
0,Male,D
0,Male,D
0,Male,D
0,Male,D
0,Male,D
0,Male,D
0,Male,D
0,Male,D
0,Male,D
0,Male,D
0,Male,D
0,Male,D
0,Male,D
0,Male,D
0,Male,D
0,Male,D
0,Male,D
0,Male,D
0,Male,D
0,Male,D
0,Male,D
0,Male,D
0,Male,D
0,Male,D
0,Male,D
0,Male,D
0,Male,D
0,Male,D
0,Male,D
0,Male,D
0,Male,D
0,Male,D
0,Male,D
0,Male,D
0,Male,D
0,Male,D
0,Male,D
0,Male,D
0,Male,D
0,Male,D
0,Male,D
0,Male,D
0,Male,D
0,Male,D
0,Male,D
0,Male,D
0,Male,D
0,Male,D
0,Male,D
0,Male,D
0,Male,D
0,Male,D
0,Male,D
0,Male,D
0,Male,D
0,Male,D
0,Male,D
0,Male,D
0,Male,D
0,Male,D
0,Male,D
0,Male,D
0,Male,D
0,Male,D
0,Male,D
0,Male,D
0,Male,D
0,Male,D
0,Male,D
0,Male,D
0,Male,D
0,Male,D
0,Male,D
0,Male,D
0,Male,D
0,Male,D
0,Male,D
0,Male,D
0,Male,D
0,Male,D
0,Male,D
0,Male,D
0,Male,D
0,Male,D
0,Male,D
0,Male,D
0,Male,D
0,Male,D
0,Male,D
0,Male,D
0,Male,D
0,Male,D
0,Male,D
0,Male,D
0,Male,D
0,Male,D
0,Male,D
0,Male,D
0,Male,D
0,Male,D
0,Male,D
0,Male,D
0,Male,D
0,Male,D
0,Male,D
0,Male,D
0,Male,D
0,Male,D
0,Male,D
0,Male,D
0,Male,D
0,Male,D
0,Male,D
0,Male,D
0,Male,D
0,Male,D
0,Male,D
0,Male,D
0,Male,D
0,Male,D
0,Male,D
0,Male,D
0,Male,D
0,Male,D
0,Male,D
0,Male,D
0,Male,D
0,Male,D
0,Male,D
0,Male,D
0,Male,D
0,Male,D
0,Male,D
0,Male,D
0,Male,D
0,Male,D
0,Male,D
0,Male,D
0,Male,D
0,Male,D
0,Male,D
0,Male,D
0,Male,D
0,Male,D
0,Male,D
0,Male,D
0,Male,D
0,Male,D
0,Male,D
0,Male,D
0,Male,D
0,Male,D
0,Male,D
0,Male,D
0,Male,D
0,Male,D
0,Male,D
0,Male,D
0,Male,D
0,Male,D
0,Male,D
0,Male,D
0,Male,D
0,Male,D
0,Male,D
0,Male,D
0,Male,D
0,Male,D
0,Male,D
0,Male,D
0,Male,D
0,Male,D
0,Male,D
0,Male,D
0,Male,D
0,Male,D
0,Male,D
0,Male,D
0,Male,D
0,Male,D
0,Male,D
0,Male,D
0,Male,D
0,Male,D
0,Male,D
0,Male,D
0,Male,D
0,Male,D
0,Male,D
0,Male,D
0,Male,D
0,Male,D
0,Male,D
0,Male,D
0,Male,D
0,Male,D
0,Male,D
0,Male,D
0,Male,D
0,Male,D
0,Male,D
0,Male,D
0,Male,D
0,Male,D
0,Male,D
0,Male,D
0,Male,D
0,Male,D
0,Male,D
0,Male,D
0,Male,D
0,Male,D
0,Male,D
0,Male,D
0,Male,D
0,Male,D
0,Male,D
0,Male,D
0,Male,D
0,Male,D
0,Male,D
0,Male,D
0,Male,D
0,Male,D
0,Male,D
0,Male,D
0,Male,D
0,Male,D
0,Male,D
0,Male,D
0,Male,D
0,Male,D
0,Male,D
0,Male,D
0,Male,D
0,Male,D
0,Male,D
0,Male,D
0,Male,D
0,Male,D
0,Male,D
0,Male,D
0,Male,D
0,Male,D
0,Male,D
0,Male,D
0,Male,D
0,Male,D
1,Female,D
1,Female,D
1,Female,D
1,Female,D
1,Female,D
1,Female,D
1,Female,D
1,Female,D
1,Female,D
1,Female,D
1,Female,D
1,Female,D
1,Female,D
1,Female,D
1,Female,D
1,Female,D
1,Female,D
1,Female,D
1,Female,D
1,Female,D
1,Female,D
1,Female,D
1,Female,D
1,Female,D
1,Female,D
1,Female,D
1,Female,D
1,Female,D
1,Female,D
1,Female,D
1,Female,D
1,Female,D
1,Female,D
1,Female,D
1,Female,D
1,Female,D
1,Female,D
1,Female,D
1,Female,D
1,Female,D
1,Female,D
1,Female,D
1,Female,D
1,Female,D
1,Female,D
1,Female,D
1,Female,D
1,Female,D
1,Female,D
1,Female,D
1,Female,D
1,Female,D
1,Female,D
1,Female,D
1,Female,D
1,Female,D
1,Female,D
1,Female,D
1,Female,D
1,Female,D
1,Female,D
1,Female,D
1,Female,D
1,Female,D
1,Female,D
1,Female,D
1,Female,D
1,Female,D
1,Female,D
1,Female,D
1,Female,D
1,Female,D
1,Female,D
1,Female,D
1,Female,D
1,Female,D
1,Female,D
1,Female,D
1,Female,D
1,Female,D
1,Female,D
1,Female,D
1,Female,D
1,Female,D
1,Female,D
1,Female,D
1,Female,D
1,Female,D
1,Female,D
1,Female,D
1,Female,D
1,Female,D
1,Female,D
1,Female,D
1,Female,D
1,Female,D
1,Female,D
1,Female,D
1,Female,D
1,Female,D
1,Female,D
1,Female,D
1,Female,D
1,Female,D
1,Female,D
1,Female,D
1,Female,D
1,Female,D
1,Female,D
1,Female,D
1,Female,D
1,Female,D
1,Female,D
1,Female,D
1,Female,D
1,Female,D
1,Female,D
1,Female,D
1,Female,D
1,Female,D
1,Female,D
1,Female,D
1,Female,D
1,Female,D
1,Female,D
1,Female,D
1,Female,D
1,Female,D
1,Female,D
1,Female,D
1,Female,D
0,Female,D
0,Female,D
0,Female,D
0,Female,D
0,Female,D
0,Female,D
0,Female,D
0,Female,D
0,Female,D
0,Female,D
0,Female,D
0,Female,D
0,Female,D
0,Female,D
0,Female,D
0,Female,D
0,Female,D
0,Female,D
0,Female,D
0,Female,D
0,Female,D
0,Female,D
0,Female,D
0,Female,D
0,Female,D
0,Female,D
0,Female,D
0,Female,D
0,Female,D
0,Female,D
0,Female,D
0,Female,D
0,Female,D
0,Female,D
0,Female,D
0,Female,D
0,Female,D
0,Female,D
0,Female,D
0,Female,D
0,Female,D
0,Female,D
0,Female,D
0,Female,D
0,Female,D
0,Female,D
0,Female,D
0,Female,D
0,Female,D
0,Female,D
0,Female,D
0,Female,D
0,Female,D
0,Female,D
0,Female,D
0,Female,D
0,Female,D
0,Female,D
0,Female,D
0,Female,D
0,Female,D
0,Female,D
0,Female,D
0,Female,D
0,Female,D
0,Female,D
0,Female,D
0,Female,D
0,Female,D
0,Female,D
0,Female,D
0,Female,D
0,Female,D
0,Female,D
0,Female,D
0,Female,D
0,Female,D
0,Female,D
0,Female,D
0,Female,D
0,Female,D
0,Female,D
0,Female,D
0,Female,D
0,Female,D
0,Female,D
0,Female,D
0,Female,D
0,Female,D
0,Female,D
0,Female,D
0,Female,D
0,Female,D
0,Female,D
0,Female,D
0,Female,D
0,Female,D
0,Female,D
0,Female,D
0,Female,D
0,Female,D
0,Female,D
0,Female,D
0,Female,D
0,Female,D
0,Female,D
0,Female,D
0,Female,D
0,Female,D
0,Female,D
0,Female,D
0,Female,D
0,Female,D
0,Female,D
0,Female,D
0,Female,D
0,Female,D
0,Female,D
0,Female,D
0,Female,D
0,Female,D
0,Female,D
0,Female,D
0,Female,D
0,Female,D
0,Female,D
0,Female,D
0,Female,D
0,Female,D
0,Female,D
0,Female,D
0,Female,D
0,Female,D
0,Female,D
0,Female,D
0,Female,D
0,Female,D
0,Female,D
0,Female,D
0,Female,D
0,Female,D
0,Female,D
0,Female,D
0,Female,D
0,Female,D
0,Female,D
0,Female,D
0,Female,D
0,Female,D
0,Female,D
0,Female,D
0,Female,D
0,Female,D
0,Female,D
0,Female,D
0,Female,D
0,Female,D
0,Female,D
0,Female,D
0,Female,D
0,Female,D
0,Female,D
0,Female,D
0,Female,D
0,Female,D
0,Female,D
0,Female,D
0,Female,D
0,Female,D
0,Female,D
0,Female,D
0,Female,D
0,Female,D
0,Female,D
0,Female,D
0,Female,D
0,Female,D
0,Female,D
0,Female,D
0,Female,D
0,Female,D
0,Female,D
0,Female,D
0,Female,D
0,Female,D
0,Female,D
0,Female,D
0,Female,D
0,Female,D
0,Female,D
0,Female,D
0,Female,D
0,Female,D
0,Female,D
0,Female,D
0,Female,D
0,Female,D
0,Female,D
0,Female,D
0,Female,D
0,Female,D
0,Female,D
0,Female,D
0,Female,D
0,Female,D
0,Female,D
0,Female,D
0,Female,D
0,Female,D
0,Female,D
0,Female,D
0,Female,D
0,Female,D
0,Female,D
0,Female,D
0,Female,D
0,Female,D
0,Female,D
0,Female,D
0,Female,D
0,Female,D
0,Female,D
0,Female,D
0,Female,D
0,Female,D
0,Female,D
0,Female,D
0,Female,D
0,Female,D
0,Female,D
0,Female,D
0,Female,D
0,Female,D
0,Female,D
0,Female,D
0,Female,D
0,Female,D
0,Female,D
0,Female,D
0,Female,D
0,Female,D
0,Female,D
0,Female,D
0,Female,D
1,Male,E
1,Male,E
1,Male,E
1,Male,E
1,Male,E
1,Male,E
1,Male,E
1,Male,E
1,Male,E
1,Male,E
1,Male,E
1,Male,E
1,Male,E
1,Male,E
1,Male,E
1,Male,E
1,Male,E
1,Male,E
1,Male,E
1,Male,E
1,Male,E
1,Male,E
1,Male,E
1,Male,E
1,Male,E
1,Male,E
1,Male,E
1,Male,E
1,Male,E
1,Male,E
1,Male,E
1,Male,E
1,Male,E
1,Male,E
1,Male,E
1,Male,E
1,Male,E
1,Male,E
1,Male,E
1,Male,E
1,Male,E
1,Male,E
1,Male,E
1,Male,E
1,Male,E
1,Male,E
1,Male,E
1,Male,E
1,Male,E
1,Male,E
1,Male,E
1,Male,E
1,Male,E
0,Male,E
0,Male,E
0,Male,E
0,Male,E
0,Male,E
0,Male,E
0,Male,E
0,Male,E
0,Male,E
0,Male,E
0,Male,E
0,Male,E
0,Male,E
0,Male,E
0,Male,E
0,Male,E
0,Male,E
0,Male,E
0,Male,E
0,Male,E
0,Male,E
0,Male,E
0,Male,E
0,Male,E
0,Male,E
0,Male,E
0,Male,E
0,Male,E
0,Male,E
0,Male,E
0,Male,E
0,Male,E
0,Male,E
0,Male,E
0,Male,E
0,Male,E
0,Male,E
0,Male,E
0,Male,E
0,Male,E
0,Male,E
0,Male,E
0,Male,E
0,Male,E
0,Male,E
0,Male,E
0,Male,E
0,Male,E
0,Male,E
0,Male,E
0,Male,E
0,Male,E
0,Male,E
0,Male,E
0,Male,E
0,Male,E
0,Male,E
0,Male,E
0,Male,E
0,Male,E
0,Male,E
0,Male,E
0,Male,E
0,Male,E
0,Male,E
0,Male,E
0,Male,E
0,Male,E
0,Male,E
0,Male,E
0,Male,E
0,Male,E
0,Male,E
0,Male,E
0,Male,E
0,Male,E
0,Male,E
0,Male,E
0,Male,E
0,Male,E
0,Male,E
0,Male,E
0,Male,E
0,Male,E
0,Male,E
0,Male,E
0,Male,E
0,Male,E
0,Male,E
0,Male,E
0,Male,E
0,Male,E
0,Male,E
0,Male,E
0,Male,E
0,Male,E
0,Male,E
0,Male,E
0,Male,E
0,Male,E
0,Male,E
0,Male,E
0,Male,E
0,Male,E
0,Male,E
0,Male,E
0,Male,E
0,Male,E
0,Male,E
0,Male,E
0,Male,E
0,Male,E
0,Male,E
0,Male,E
0,Male,E
0,Male,E
0,Male,E
0,Male,E
0,Male,E
0,Male,E
0,Male,E
0,Male,E
0,Male,E
0,Male,E
0,Male,E
0,Male,E
0,Male,E
0,Male,E
0,Male,E
0,Male,E
0,Male,E
0,Male,E
0,Male,E
0,Male,E
0,Male,E
0,Male,E
0,Male,E
0,Male,E
1,Female,E
1,Female,E
1,Female,E
1,Female,E
1,Female,E
1,Female,E
1,Female,E
1,Female,E
1,Female,E
1,Female,E
1,Female,E
1,Female,E
1,Female,E
1,Female,E
1,Female,E
1,Female,E
1,Female,E
1,Female,E
1,Female,E
1,Female,E
1,Female,E
1,Female,E
1,Female,E
1,Female,E
1,Female,E
1,Female,E
1,Female,E
1,Female,E
1,Female,E
1,Female,E
1,Female,E
1,Female,E
1,Female,E
1,Female,E
1,Female,E
1,Female,E
1,Female,E
1,Female,E
1,Female,E
1,Female,E
1,Female,E
1,Female,E
1,Female,E
1,Female,E
1,Female,E
1,Female,E
1,Female,E
1,Female,E
1,Female,E
1,Female,E
1,Female,E
1,Female,E
1,Female,E
1,Female,E
1,Female,E
1,Female,E
1,Female,E
1,Female,E
1,Female,E
1,Female,E
1,Female,E
1,Female,E
1,Female,E
1,Female,E
1,Female,E
1,Female,E
1,Female,E
1,Female,E
1,Female,E
1,Female,E
1,Female,E
1,Female,E
1,Female,E
1,Female,E
1,Female,E
1,Female,E
1,Female,E
1,Female,E
1,Female,E
1,Female,E
1,Female,E
1,Female,E
1,Female,E
1,Female,E
1,Female,E
1,Female,E
1,Female,E
1,Female,E
1,Female,E
1,Female,E
1,Female,E
1,Female,E
1,Female,E
1,Female,E
0,Female,E
0,Female,E
0,Female,E
0,Female,E
0,Female,E
0,Female,E
0,Female,E
0,Female,E
0,Female,E
0,Female,E
0,Female,E
0,Female,E
0,Female,E
0,Female,E
0,Female,E
0,Female,E
0,Female,E
0,Female,E
0,Female,E
0,Female,E
0,Female,E
0,Female,E
0,Female,E
0,Female,E
0,Female,E
0,Female,E
0,Female,E
0,Female,E
0,Female,E
0,Female,E
0,Female,E
0,Female,E
0,Female,E
0,Female,E
0,Female,E
0,Female,E
0,Female,E
0,Female,E
0,Female,E
0,Female,E
0,Female,E
0,Female,E
0,Female,E
0,Female,E
0,Female,E
0,Female,E
0,Female,E
0,Female,E
0,Female,E
0,Female,E
0,Female,E
0,Female,E
0,Female,E
0,Female,E
0,Female,E
0,Female,E
0,Female,E
0,Female,E
0,Female,E
0,Female,E
0,Female,E
0,Female,E
0,Female,E
0,Female,E
0,Female,E
0,Female,E
0,Female,E
0,Female,E
0,Female,E
0,Female,E
0,Female,E
0,Female,E
0,Female,E
0,Female,E
0,Female,E
0,Female,E
0,Female,E
0,Female,E
0,Female,E
0,Female,E
0,Female,E
0,Female,E
0,Female,E
0,Female,E
0,Female,E
0,Female,E
0,Female,E
0,Female,E
0,Female,E
0,Female,E
0,Female,E
0,Female,E
0,Female,E
0,Female,E
0,Female,E
0,Female,E
0,Female,E
0,Female,E
0,Female,E
0,Female,E
0,Female,E
0,Female,E
0,Female,E
0,Female,E
0,Female,E
0,Female,E
0,Female,E
0,Female,E
0,Female,E
0,Female,E
0,Female,E
0,Female,E
0,Female,E
0,Female,E
0,Female,E
0,Female,E
0,Female,E
0,Female,E
0,Female,E
0,Female,E
0,Female,E
0,Female,E
0,Female,E
0,Female,E
0,Female,E
0,Female,E
0,Female,E
0,Female,E
0,Female,E
0,Female,E
0,Female,E
0,Female,E
0,Female,E
0,Female,E
0,Female,E
0,Female,E
0,Female,E
0,Female,E
0,Female,E
0,Female,E
0,Female,E
0,Female,E
0,Female,E
0,Female,E
0,Female,E
0,Female,E
0,Female,E
0,Female,E
0,Female,E
0,Female,E
0,Female,E
0,Female,E
0,Female,E
0,Female,E
0,Female,E
0,Female,E
0,Female,E
0,Female,E
0,Female,E
0,Female,E
0,Female,E
0,Female,E
0,Female,E
0,Female,E
0,Female,E
0,Female,E
0,Female,E
0,Female,E
0,Female,E
0,Female,E
0,Female,E
0,Female,E
0,Female,E
0,Female,E
0,Female,E
0,Female,E
0,Female,E
0,Female,E
0,Female,E
0,Female,E
0,Female,E
0,Female,E
0,Female,E
0,Female,E
0,Female,E
0,Female,E
0,Female,E
0,Female,E
0,Female,E
0,Female,E
0,Female,E
0,Female,E
0,Female,E
0,Female,E
0,Female,E
0,Female,E
0,Female,E
0,Female,E
0,Female,E
0,Female,E
0,Female,E
0,Female,E
0,Female,E
0,Female,E
0,Female,E
0,Female,E
0,Female,E
0,Female,E
0,Female,E
0,Female,E
0,Female,E
0,Female,E
0,Female,E
0,Female,E
0,Female,E
0,Female,E
0,Female,E
0,Female,E
0,Female,E
0,Female,E
0,Female,E
0,Female,E
0,Female,E
0,Female,E
0,Female,E
0,Female,E
0,Female,E
0,Female,E
0,Female,E
0,Female,E
0,Female,E
0,Female,E
0,Female,E
0,Female,E
0,Female,E
0,Female,E
0,Female,E
0,Female,E
0,Female,E
0,Female,E
0,Female,E
0,Female,E
0,Female,E
0,Female,E
0,Female,E
0,Female,E
0,Female,E
0,Female,E
0,Female,E
0,Female,E
0,Female,E
0,Female,E
0,Female,E
0,Female,E
0,Female,E
0,Female,E
0,Female,E
0,Female,E
0,Female,E
0,Female,E
0,Female,E
0,Female,E
0,Female,E
0,Female,E
0,Female,E
0,Female,E
0,Female,E
0,Female,E
0,Female,E
0,Female,E
0,Female,E
0,Female,E
0,Female,E
0,Female,E
0,Female,E
0,Female,E
0,Female,E
0,Female,E
0,Female,E
0,Female,E
0,Female,E
0,Female,E
0,Female,E
0,Female,E
0,Female,E
0,Female,E
0,Female,E
0,Female,E
0,Female,E
0,Female,E
0,Female,E
0,Female,E
0,Female,E
0,Female,E
0,Female,E
0,Female,E
0,Female,E
0,Female,E
0,Female,E
1,Male,F
1,Male,F
1,Male,F
1,Male,F
1,Male,F
1,Male,F
1,Male,F
1,Male,F
1,Male,F
1,Male,F
1,Male,F
1,Male,F
1,Male,F
1,Male,F
1,Male,F
1,Male,F
1,Male,F
1,Male,F
1,Male,F
1,Male,F
1,Male,F
1,Male,F
0,Male,F
0,Male,F
0,Male,F
0,Male,F
0,Male,F
0,Male,F
0,Male,F
0,Male,F
0,Male,F
0,Male,F
0,Male,F
0,Male,F
0,Male,F
0,Male,F
0,Male,F
0,Male,F
0,Male,F
0,Male,F
0,Male,F
0,Male,F
0,Male,F
0,Male,F
0,Male,F
0,Male,F
0,Male,F
0,Male,F
0,Male,F
0,Male,F
0,Male,F
0,Male,F
0,Male,F
0,Male,F
0,Male,F
0,Male,F
0,Male,F
0,Male,F
0,Male,F
0,Male,F
0,Male,F
0,Male,F
0,Male,F
0,Male,F
0,Male,F
0,Male,F
0,Male,F
0,Male,F
0,Male,F
0,Male,F
0,Male,F
0,Male,F
0,Male,F
0,Male,F
0,Male,F
0,Male,F
0,Male,F
0,Male,F
0,Male,F
0,Male,F
0,Male,F
0,Male,F
0,Male,F
0,Male,F
0,Male,F
0,Male,F
0,Male,F
0,Male,F
0,Male,F
0,Male,F
0,Male,F
0,Male,F
0,Male,F
0,Male,F
0,Male,F
0,Male,F
0,Male,F
0,Male,F
0,Male,F
0,Male,F
0,Male,F
0,Male,F
0,Male,F
0,Male,F
0,Male,F
0,Male,F
0,Male,F
0,Male,F
0,Male,F
0,Male,F
0,Male,F
0,Male,F
0,Male,F
0,Male,F
0,Male,F
0,Male,F
0,Male,F
0,Male,F
0,Male,F
0,Male,F
0,Male,F
0,Male,F
0,Male,F
0,Male,F
0,Male,F
0,Male,F
0,Male,F
0,Male,F
0,Male,F
0,Male,F
0,Male,F
0,Male,F
0,Male,F
0,Male,F
0,Male,F
0,Male,F
0,Male,F
0,Male,F
0,Male,F
0,Male,F
0,Male,F
0,Male,F
0,Male,F
0,Male,F
0,Male,F
0,Male,F
0,Male,F
0,Male,F
0,Male,F
0,Male,F
0,Male,F
0,Male,F
0,Male,F
0,Male,F
0,Male,F
0,Male,F
0,Male,F
0,Male,F
0,Male,F
0,Male,F
0,Male,F
0,Male,F
0,Male,F
0,Male,F
0,Male,F
0,Male,F
0,Male,F
0,Male,F
0,Male,F
0,Male,F
0,Male,F
0,Male,F
0,Male,F
0,Male,F
0,Male,F
0,Male,F
0,Male,F
0,Male,F
0,Male,F
0,Male,F
0,Male,F
0,Male,F
0,Male,F
0,Male,F
0,Male,F
0,Male,F
0,Male,F
0,Male,F
0,Male,F
0,Male,F
0,Male,F
0,Male,F
0,Male,F
0,Male,F
0,Male,F
0,Male,F
0,Male,F
0,Male,F
0,Male,F
0,Male,F
0,Male,F
0,Male,F
0,Male,F
0,Male,F
0,Male,F
0,Male,F
0,Male,F
0,Male,F
0,Male,F
0,Male,F
0,Male,F
0,Male,F
0,Male,F
0,Male,F
0,Male,F
0,Male,F
0,Male,F
0,Male,F
0,Male,F
0,Male,F
0,Male,F
0,Male,F
0,Male,F
0,Male,F
0,Male,F
0,Male,F
0,Male,F
0,Male,F
0,Male,F
0,Male,F
0,Male,F
0,Male,F
0,Male,F
0,Male,F
0,Male,F
0,Male,F
0,Male,F
0,Male,F
0,Male,F
0,Male,F
0,Male,F
0,Male,F
0,Male,F
0,Male,F
0,Male,F
0,Male,F
0,Male,F
0,Male,F
0,Male,F
0,Male,F
0,Male,F
0,Male,F
0,Male,F
0,Male,F
0,Male,F
0,Male,F
0,Male,F
0,Male,F
0,Male,F
0,Male,F
0,Male,F
0,Male,F
0,Male,F
0,Male,F
0,Male,F
0,Male,F
0,Male,F
0,Male,F
0,Male,F
0,Male,F
0,Male,F
0,Male,F
0,Male,F
0,Male,F
0,Male,F
0,Male,F
0,Male,F
0,Male,F
0,Male,F
0,Male,F
0,Male,F
0,Male,F
0,Male,F
0,Male,F
0,Male,F
0,Male,F
0,Male,F
0,Male,F
0,Male,F
0,Male,F
0,Male,F
0,Male,F
0,Male,F
0,Male,F
0,Male,F
0,Male,F
0,Male,F
0,Male,F
0,Male,F
0,Male,F
0,Male,F
0,Male,F
0,Male,F
0,Male,F
0,Male,F
0,Male,F
0,Male,F
0,Male,F
0,Male,F
0,Male,F
0,Male,F
0,Male,F
0,Male,F
0,Male,F
0,Male,F
0,Male,F
0,Male,F
0,Male,F
0,Male,F
0,Male,F
0,Male,F
0,Male,F
0,Male,F
0,Male,F
0,Male,F
0,Male,F
0,Male,F
0,Male,F
0,Male,F
0,Male,F
0,Male,F
0,Male,F
0,Male,F
0,Male,F
0,Male,F
0,Male,F
0,Male,F
0,Male,F
0,Male,F
0,Male,F
0,Male,F
0,Male,F
0,Male,F
0,Male,F
0,Male,F
0,Male,F
0,Male,F
0,Male,F
0,Male,F
0,Male,F
0,Male,F
0,Male,F
0,Male,F
0,Male,F
0,Male,F
0,Male,F
0,Male,F
0,Male,F
0,Male,F
0,Male,F
0,Male,F
0,Male,F
0,Male,F
0,Male,F
0,Male,F
0,Male,F
0,Male,F
0,Male,F
0,Male,F
0,Male,F
0,Male,F
0,Male,F
0,Male,F
1,Female,F
1,Female,F
1,Female,F
1,Female,F
1,Female,F
1,Female,F
1,Female,F
1,Female,F
1,Female,F
1,Female,F
1,Female,F
1,Female,F
1,Female,F
1,Female,F
1,Female,F
1,Female,F
1,Female,F
1,Female,F
1,Female,F
1,Female,F
1,Female,F
1,Female,F
1,Female,F
1,Female,F
0,Female,F
0,Female,F
0,Female,F
0,Female,F
0,Female,F
0,Female,F
0,Female,F
0,Female,F
0,Female,F
0,Female,F
0,Female,F
0,Female,F
0,Female,F
0,Female,F
0,Female,F
0,Female,F
0,Female,F
0,Female,F
0,Female,F
0,Female,F
0,Female,F
0,Female,F
0,Female,F
0,Female,F
0,Female,F
0,Female,F
0,Female,F
0,Female,F
0,Female,F
0,Female,F
0,Female,F
0,Female,F
0,Female,F
0,Female,F
0,Female,F
0,Female,F
0,Female,F
0,Female,F
0,Female,F
0,Female,F
0,Female,F
0,Female,F
0,Female,F
0,Female,F
0,Female,F
0,Female,F
0,Female,F
0,Female,F
0,Female,F
0,Female,F
0,Female,F
0,Female,F
0,Female,F
0,Female,F
0,Female,F
0,Female,F
0,Female,F
0,Female,F
0,Female,F
0,Female,F
0,Female,F
0,Female,F
0,Female,F
0,Female,F
0,Female,F
0,Female,F
0,Female,F
0,Female,F
0,Female,F
0,Female,F
0,Female,F
0,Female,F
0,Female,F
0,Female,F
0,Female,F
0,Female,F
0,Female,F
0,Female,F
0,Female,F
0,Female,F
0,Female,F
0,Female,F
0,Female,F
0,Female,F
0,Female,F
0,Female,F
0,Female,F
0,Female,F
0,Female,F
0,Female,F
0,Female,F
0,Female,F
0,Female,F
0,Female,F
0,Female,F
0,Female,F
0,Female,F
0,Female,F
0,Female,F
0,Female,F
0,Female,F
0,Female,F
0,Female,F
0,Female,F
0,Female,F
0,Female,F
0,Female,F
0,Female,F
0,Female,F
0,Female,F
0,Female,F
0,Female,F
0,Female,F
0,Female,F
0,Female,F
0,Female,F
0,Female,F
0,Female,F
0,Female,F
0,Female,F
0,Female,F
0,Female,F
0,Female,F
0,Female,F
0,Female,F
0,Female,F
0,Female,F
0,Female,F
0,Female,F
0,Female,F
0,Female,F
0,Female,F
0,Female,F
0,Female,F
0,Female,F
0,Female,F
0,Female,F
0,Female,F
0,Female,F
0,Female,F
0,Female,F
0,Female,F
0,Female,F
0,Female,F
0,Female,F
0,Female,F
0,Female,F
0,Female,F
0,Female,F
0,Female,F
0,Female,F
0,Female,F
0,Female,F
0,Female,F
0,Female,F
0,Female,F
0,Female,F
0,Female,F
0,Female,F
0,Female,F
0,Female,F
0,Female,F
0,Female,F
0,Female,F
0,Female,F
0,Female,F
0,Female,F
0,Female,F
0,Female,F
0,Female,F
0,Female,F
0,Female,F
0,Female,F
0,Female,F
0,Female,F
0,Female,F
0,Female,F
0,Female,F
0,Female,F
0,Female,F
0,Female,F
0,Female,F
0,Female,F
0,Female,F
0,Female,F
0,Female,F
0,Female,F
0,Female,F
0,Female,F
0,Female,F
0,Female,F
0,Female,F
0,Female,F
0,Female,F
0,Female,F
0,Female,F
0,Female,F
0,Female,F
0,Female,F
0,Female,F
0,Female,F
0,Female,F
0,Female,F
0,Female,F
0,Female,F
0,Female,F
0,Female,F
0,Female,F
0,Female,F
0,Female,F
0,Female,F
0,Female,F
0,Female,F
0,Female,F
0,Female,F
0,Female,F
0,Female,F
0,Female,F
0,Female,F
0,Female,F
0,Female,F
0,Female,F
0,Female,F
0,Female,F
0,Female,F
0,Female,F
0,Female,F
0,Female,F
0,Female,F
0,Female,F
0,Female,F
0,Female,F
0,Female,F
0,Female,F
0,Female,F
0,Female,F
0,Female,F
0,Female,F
0,Female,F
0,Female,F
0,Female,F
0,Female,F
0,Female,F
0,Female,F
0,Female,F
0,Female,F
0,Female,F
0,Female,F
0,Female,F
0,Female,F
0,Female,F
0,Female,F
0,Female,F
0,Female,F
0,Female,F
0,Female,F
0,Female,F
0,Female,F
0,Female,F
0,Female,F
0,Female,F
0,Female,F
0,Female,F
0,Female,F
0,Female,F
0,Female,F
0,Female,F
0,Female,F
0,Female,F
0,Female,F
0,Female,F
0,Female,F
0,Female,F
0,Female,F
0,Female,F
0,Female,F
0,Female,F
0,Female,F
0,Female,F
0,Female,F
0,Female,F
0,Female,F
0,Female,F
0,Female,F
0,Female,F
0,Female,F
0,Female,F
0,Female,F
0,Female,F
0,Female,F
0,Female,F
0,Female,F
0,Female,F
0,Female,F
0,Female,F
0,Female,F
0,Female,F
0,Female,F
0,Female,F
0,Female,F
0,Female,F
0,Female,F
0,Female,F
0,Female,F
0,Female,F
0,Female,F
0,Female,F
0,Female,F
0,Female,F
0,Female,F
0,Female,F
0,Female,F
0,Female,F
0,Female,F
0,Female,F
0,Female,F
0,Female,F
